51kb2layer,51kb
0.023022890090942383,0.01874685287475586
0.023154735565185547,0.02109813690185547
0.028501033782958984,0.02009105682373047
