4kb,56kb
0.020113468170166016,0.008314371109008789
