4kb,56kb
0.013799905776977539,0.012079000473022461
